Title,Author,Conference Name (Book Title),Year,Abstract,url,Keywords,Source_File
Learning to Rank with Trust and Distrust in Recommender Systems,"Rafailidis, Dimitrios and Crestani, Fabio",RECSYS,2017,"The sparsity of users' preferences can significantly degrade the quality of recommendations in the collaborative filtering strategy. To account for the fact that the selections of social friends and foes may improve the recommendation accuracy, we propose a learning to rank model that exploits users' trust and distrust relationships. Our learning to rank model focusses on the performance at the top of the list, with the recommended items that end-users will actually see. In our model, we try to push the relevant items of users and their friends at the top of the list, while ranking low those of their foes. Furthermore, we propose a weighting strategy to capture the correlations of users' preferences with friends' trust and foes' distrust degrees in two intermediate trust- and distrust-preference user latent spaces, respectively. Our experiments on the Epinions dataset show that the proposed learning to rank model significantly outperforms other state-of-the-art methods in the presence of sparsity in users' preferences and when a part of trust and distrust relationships is not available. Furthermore, we demonstrate the crucial role of our weighting strategy in our model, to balance well the influences of friends and foes on users' preferences.",https://doi.org/10.1145/3109859.3109879,"collaborative filtering, learning to rank, social relationships",recsys2017.bib
Metalearning for Context-aware Filtering: Selection of Tensor Factorization Algorithms,"Cunha, Tiago and Soares, Carlos and Carvalho, Andr\'{e} C.P.L.F.",RECSYS,2017,"This work addresses the problem of selecting Tensor Factorization algorithms for the Context-aware Filtering recommendation task using a metalearning approach. The most important challenge of applying metalearning on new problems is the development of useful measures able to characterize the data, i.e. metafeatures. We propose an extensive and exhaustive set of metafeatures to characterize Context-aware Filtering recommendation task. These metafeatures take advantage of the tensor's hierarchical structure via slice operations. The algorithm selection task is addressed as a Label Ranking problem, which ranks the Tensor Factorization algorithms according to their expected performance, rather than simply selecting the algorithm that is expected to obtain the best performance. A comprehensive experimental work is conducted on both levels, baselevel and metalevel (Tensor Factorization and Label Ranking, respectively). The results show that the proposed metafeatures lead to metamodels that tend to rank Tensor Factorization algorithms accurately and that the selected algorithms present high recommendation performance.",https://doi.org/10.1145/3109859.3109899,"algorithm selection, context-aware filtering, label ranking, metalearning, tensor factorization",recsys2017.bib
A Gradient-based Adaptive Learning Framework for Efficient Personal Recommendation,"Ning, Yue and Shi, Yue and Hong, Liangjie and Rangwala, Huzefa and Ramakrishnan, Naren",RECSYS,2017,"Recommending personalized content to users is a long-standing challenge to many online services including Facebook, Yahoo, Linkedin and Twitter. Traditional recommendation models such as latent factor models and feature-based models are usually trained for all users and optimize an ""average"" experience for them, yielding sub-optimal solutions. Although multi-task learning provides an opportunity to learn personalized models per user, learning algorithms are usually tailored to specific models (e.g., generalized linear model, matrix factorization and etc.), creating obstacles for a unified engineering interface, which is important for large Internet companies. In this paper, we present an empirical framework to learn user-specific personal models for content recommendation by utilizing gradient information from a global model. Our proposed method can potentially benefit any model that can be optimized through gradients, offering a lightweight yet generic alternative to conventional multi-task learning algorithms for user personalization. We demonstrate the effectiveness of the proposed framework by incorporating it in three popular machine learning algorithms including logistic regression, gradient boosting decision tree and matrix factorization. Our extensive empirical evaluation shows that the proposed framework can significantly improve the efficiency of personalized recommendation in real-world datasets.",https://doi.org/10.1145/3109859.3109909,"content recommendation, gradient adaptation, personalization",recsys2017.bib
entity2rec: Learning User-Item Relatedness from Knowledge Graphs for Top-N Item Recommendation,"Palumbo, Enrico and Rizzo, Giuseppe and Troncy, Rapha\""{e}l",RECSYS,2017,"Knowledge Graphs have proven to be extremely valuable to recommender systems, as they enable hybrid graph-based recommendation models encompassing both collaborative and content information. Leveraging this wealth of heterogeneous information for top-N item recommendation is a challenging task, as it requires the ability of effectively encoding a diversity of semantic relations and connectivity patterns. In this work, we propose entity2rec, a novel approach to learning user-item relatedness from knowledge graphs for top-N item recommendation. We start from a knowledge graph modeling user-item and item-item relations and we learn property-specific vector representations of users and items applying neural language models on the network. These representations are used to create property-specific user-item relatedness features, which are in turn fed into learning to rank algorithms to learn a global relatedness model that optimizes top-N item recommendations. We evaluate the proposed approach in terms of ranking quality on the MovieLens 1M dataset, outperforming a number of state-of-the-art recommender systems, and we assess the importance of property-specific relatedness scores on the overall ranking quality.",https://doi.org/10.1145/3109859.3109889,"hybrid recommender system, knowledge graph, knowledge graph embeddings, learning to rank, linked open data, neural language models, node2vec, word2vec",recsys2017.bib
On Parallelizing SGD for Pairwise Learning to Rank in Collaborative Filtering Recommender Systems,"Yagci, Murat and Aytekin, Tevfik and Gurgen, Fikret",RECSYS,2017,"Learning to rank with pairwise loss functions has been found useful in collaborative filtering recommender systems. At web scale, the optimization is often based on matrix factorization with stochastic gradient descent (SGD) which has a sequential nature. We investigate two different shared memory lock-free parallel SGD schemes based on block partitioning and no partitioning for use with pairwise loss functions. To speed up convergence to a solution, we extrapolate simple practical algorithms from their application to pointwise learning to rank. Experimental results show that the proposed algorithms are quite useful regarding their ranking ability and speedup patterns in comparison to their sequential counterpart.",https://doi.org/10.1145/3109859.3109906,"learning to rank, pairwise loss, parallel sgd, personalization",recsys2017.bib
Controlling Popularity Bias in Learning-to-Rank Recommendation,"Abdollahpouri, Himan and Burke, Robin and Mobasher, Bamshad",RECSYS,2017,"Many recommendation algorithms suffer from popularity bias in their output: popular items are recommended frequently and less popular ones rarely, if at all. However, less popular, long-tail items are precisely those that are often desirable recommendations. In this paper, we introduce a flexible regularization-based framework to enhance the long-tail coverage of recommendation lists in a learning-to-rank algorithm. We show that regularization provides a tunable mechanism for controlling the trade-off between accuracy and coverage. Moreover, the experimental results using two data sets show that it is possible to improve coverage of long tail items without substantial loss of ranking performance.",https://doi.org/10.1145/3109859.3109912,"coverage, learning to rank, long-tail, recommendation evaluation, recommender systems",recsys2017.bib
Educational Question Routing in Online Student Communities,"Macina, Jakub and Srba, Ivan and Williams, Joseph Jay and Bielikova, Maria",RECSYS,2017,"Students' performance in Massive Open Online Courses (MOOCs) is enhanced by high quality discussion forums or recently emerging educational Community Question Answering (CQA) systems. Nevertheless, only a small number of students answer questions asked by their peers. This results in instructor overload, and many unanswered questions. To increase students' participation, we present an approach for recommendation of new questions to students who are likely to provide answers. Existing approaches to such question routing proposed for non-educational CQA systems tend to rely on a few experts, what is not applicable in educational domain where it is important to involve all kinds of students. In tackling this novel educational question routing problem, our method (1) goes beyond previous question-answering data as it incorporates additional non-QA data from the course (to improve prediction accuracy and to involve more of the student community) and (2) applies constraints on users' workload (to prevent user overloading). We use an ensemble classifier for predicting students' willingness to answer a question, as well as students' expertise for answering. We conducted an online evaluation of the proposed method using an A/B experiment in our CQA system deployed in edX MOOC. The proposed method outperformed a baseline method (non-educational question routing enhanced with workload restriction) by improving recommendation accuracy, keeping more community members active, and increasing an average number of their contributions.",https://doi.org/10.1145/3109859.3109886,"community question answering, massive open online courses, question routing, user models",recsys2017.bib
The Magic Barrier Revisited: Accessing Natural Limitations of Recommender Assessment,"Jasberg, Kevin and Sizov, Sergej",RECSYS,2017,"Recommender systems nowadays have many applications and are of great economic benefit. Hence, it is imperative for success-oriented companies to compare various of such systems and select the better one for their purposes. To this end, various metrics of predictive accuracy are commonly used, such as the Root Mean Square Error (RMSE), or precision and recall. All these metrics more or less measure how well a recommender system can predict human behaviour. Unfortunately, human behaviour is always associated with some degree of uncertainty, making the evaluation difficult, since it is not clear whether a deviation is system-induced or just originates from the natural variability of human decision making. At this point, some authors speculated that we may be reaching some Magic Barrier where this variability prevents us from getting much more accurate [12, 13, 24]. In this article, we will extend the existing theory of the Magic Barrier [24] into a new probabilistic but a yet pragmatic model. In particular, we will use methods from metrology and physics to develop easy-to-handle quantities for computation to describe the Magic Barrier for different accuracy metrics and provide suggestions for common application. This discussion is substantiated by comprehensive experiments with real users and large-scale simulations on a high-performance cluster.",https://doi.org/10.1145/3109859.3109898,"distribution-paradigm, human uncertainty, magic barrier, noise, point-paradigm, ranking error, rmse",recsys2017.bib
Effective User Interface Designs to Increase Energy-efficient Behavior in a Rasch-based Energy Recommender System,"Starke, Alain and Willemsen, Martijn and Snijders, Chris",RECSYS,2017,"People often struggle to find appropriate energy-saving measures to take in the household. Although recommender studies show that tailoring a system's interaction method to the domain knowledge of the user can increase energy savings, they did not actually tailor the conservation advice itself. We present two large user studies in which we support users to make an energy-efficient behavioral change by presenting tailored energy-saving advice. Both systems use a one-dimensional, ordinal Rasch scale, which orders 79 energy-saving measures on their behavioral difficulty and link this to a user's energy-saving ability for tailored advice. We established that recommending Rasch-based advice can reduce a user's effort, increase system support and, in turn, increase choice satisfaction and lead to the adoption of more energy-saving measures. Moreover, follow-up surveys administered four weeks later point out that tailoring advice on its feasibility can support behavioral change.",https://doi.org/10.1145/3109859.3109902,"behavioral change, energy conservation, rasch model, recommender systems, user experience",recsys2017.bib
Evaluating Decision-Aware Recommender Systems,"Mesas, Rus M. and Bellog\'{\i}n, Alejandro",RECSYS,2017,"The main goal of a Recommender System is to suggest relevant items to users, although other utility dimensions - such as diversity, novelty, confidence, possibility of providing explanations - are often considered. In this work, in order to increase the amount of relevant items presented to the user, we analyse how the system could measure the confidence on its own recommendations, so it has the capability of taking decisions about whether an item should be recommended or not. A direct consequence of this design is that the number of suggested items decreases, impacting in some of the beyond-accuracy dimensions (especially, coverage). We present an evaluation of different decision-aware techniques that can be applied to some families of recommender systems, and explore evaluation metrics that allow to combine more than one evaluation dimension. Empiric results show that large precision improvements are obtained when using these approaches at the expense of user and item coverage.",https://doi.org/10.1145/3109859.3109888,"accuracy, coverage, decision-aware, evaluation",recsys2017.bib
Using Explainability for Constrained Matrix Factorization,"Abdollahi, Behnoush and Nasraoui, Olfa",RECSYS,2017,"Accurate model-based Collaborative Filtering (CF) approaches, such as Matrix Factorization (MF), tend to be black-box machine learning models that lack interpretability and do not provide a straightforward explanation for their outputs. Yet explanations have been shown to improve the transparency of a recommender system by justifying recommendations, and this in turn can enhance the user's trust in the recommendations. Hence, one main challenge in designing a recommender system is mitigating the trade-off between an explainable technique with moderate prediction accuracy and a more accurate technique with no explainable recommendations. In this paper, we focus on factorization models and further assume the absence of any additional data source, such as item content or user attributes. We propose an explainability constrained MF technique that computes the top-n recommendation list from items that are explainable. Experimental results show that our method is effective in generating accurate and explainable recommendations.",https://doi.org/10.1145/3109859.3109913,"explanations, interpretable models, latent factor models, matrix factorization, recommender systems",recsys2017.bib
User Preferences for Hybrid Explanations,"Kouki, Pigi and Schaffer, James and Pujara, Jay and O'Donovan, John and Getoor, Lise",RECSYS,2017,"Hybrid recommender systems combine several different sources of information to generate recommendations. These systems demonstrate improved accuracy compared to single-source recommendation strategies. However, hybrid recommendation strategies are inherently more complex than those that use a single source of information, and thus the process of explaining recommendations to users becomes more challenging. In this paper we describe a hybrid recommender system built on a probabilistic programming language, and discuss the benefits and challenges of explaining its recommendations to users. We perform a mixed model statistical analysis of user preferences for explanations in this system. Through an online user survey, we evaluate explanations for hybrid algorithms in a variety of text and visual, graph-based formats, that are either novel designs or derived from existing hybrid recommender systems.",https://doi.org/10.1145/3109859.3109915,"explanations, hybrid explanations, hybrid recommendations",recsys2017.bib
Secure Multi-Party Protocols for Item-Based Collaborative Filtering,"Shmueli, Erez and Tassa, Tamir",RECSYS,2017,"Recommender systems have become extremely common in recent years, and are utilized in a variety of domains such as movies, music, news, products, restaurants, etc. While a typical recommender system bases its recommendations solely on users' preference data collected by the system itself, the quality of recommendations can significantly be improved if several recommender systems (or vendors) share their data. However, such data sharing poses significant privacy and security challenges, both to the vendors and the users. In this paper we propose secure protocols for distributed item-based Collaborative Filtering. Our protocols allow to compute both the predicted ratings of items and their predicted rankings, without compromising privacy nor predictions' accuracy. Unlike previous solutions in which the secure protocols are executed solely by the vendors, our protocols assume the existence of a mediator that performs intermediate computations on encrypted data supplied by the vendors. Such a mediated setting is advantageous over the non-mediated one since it enables each vendor to communicate solely with the mediator. This yields reduced communication costs and it allows each vendor to issue recommendations to its clients without being dependent on the availability and willingness of the other vendors to collaborate.",https://doi.org/10.1145/3109859.3109881,"distributed computing, item-based collaborative filtering, privacy",recsys2017.bib
Modeling the Assimilation-Contrast Effects in Online Product Rating Systems: Debiasing and Recommendations,"Zhang, Xiaoying and Zhao, Junzhou and Lui, John C.S.",RECSYS,2017,"The unbiasedness of online product ratings, an important property to ensure that users' ratings indeed reflect their true evaluations to products, is vital both in shaping consumer purchase decisions and providing reliable recommendations. Recent experimental studies showed that distortions from historical ratings would ruin the unbiasedness of subsequent ratings. How to ""discover"" the distortions from historical ratings in each single rating (or at the micro-level), and perform the ""debiasing operations"" in real rating systems are the main objectives of this work.Using 42 million real customer ratings, we first show that users either ""assimilate"" or ""contrast"" to historical ratings under different scenarios: users conform to historical ratings if historical ratings are not far from the product quality (assimilation), while users deviate from historical ratings if historical ratings are significantly different from the product quality (contrast). This phenomenon can be explained by the well-known psychological argument: the ""Assimilate-Contrast"" theory. However, none of the existing works on modeling historical ratings' influence have taken this into account, and this motivates us to propose the Historical Influence Aware Latent Factor Model (HIALF), the first model for real rating systems to capture and mitigate historical distortions in each single rating. HIALF also allows us to study the influence patterns of historical ratings from a modeling perspective, and it perfectly matches the assimilation and contrast effects we previously observed. Also, HIALF achieves significant improvements in predicting subsequent ratings, and accurately predicts the relationships revealed in previous empirical measurements on real ratings. Finally, we show that HIALF can contribute to better recommendations by decoupling users' real preference from distorted ratings, and reveal the intrinsic product quality for wiser consumer purchase decisions.",https://doi.org/10.1145/3109859.3109885,"modeling and debiasing historical ratings' influence, recommender systems",recsys2017.bib
Fairness-Aware Group Recommendation with Pareto-Efficiency,"Xiao, Lin and Min, Zhang and Yongfeng, Zhang and Zhaoquan, Gu and Yiqun, Liu and Shaoping, Ma",RECSYS,2017,"Group recommendation has attracted significant research efforts for its importance in benefiting a group of users. This paper investigates the Group Recommendation problem from a novel aspect, which tries to maximize the satisfaction of each group member while minimizing the unfairness between them. In this work, we present several semantics of the individual utility and propose two concepts of social welfare and fairness for modeling the overall utilities and the balance between group members. We formulate the problem as a multiple objective optimization problem and show that it is NP-Hard in different semantics. Given the multiple-objective nature of fairness-aware group recommendation problem, we provide an optimization framework for fairness-aware group recommendation from the perspective of Pareto Efficiency. We conduct extensive experiments on real-world datasets and evaluate our algorithm in terms of standard accuracy metrics. The results indicate that our algorithm achieves superior performances and considering fairness in group recommendation can enhance the recommendation accuracy.",https://doi.org/10.1145/3109859.3109887,"fairness, group recommendation, pareto-efficiency",recsys2017.bib
A Novel Recommender System for Helping Marathoners to Achieve a New Personal-Best,"Smyth, Barry and Cunningham, P\'{a}draig",RECSYS,2017,"We describe a novel application for recommender systems -- helping marathon runners to run a new personal-best race-time -- by predicting a challenging, but achievable target-time, and by recommending a tailored race-plan to achieve this time. A comprehensive evaluation of prediction accuracy and race-plan quality is provided using a large-scale dataset with almost 400,000 runners from the last 12 years of the Chicago marathon.",https://doi.org/10.1145/3109859.3109874,"recommender systems, sports analytics",recsys2017.bib
Recommending Personalized News in Short User Sessions,"Epure, Elena Viorica and Kille, Benjamin and Ingvaldsen, Jon Espen and Deneckere, Rebecca and Salinesi, Camille and Albayrak, Sahin",RECSYS,2017,"News organizations employ personalized recommenders to target news articles to specific readers and thus foster engagement. Existing approaches rely on extensive user profiles. However frequently possible, readers rarely authenticate themselves on news publishers' websites. This paper proposes an approach for such cases. It provides a basic degree of personalization while complying with the key characteristics of news recommendation including news popularity, recency, and the dynamics of reading behavior. We extend existing research on the dynamics of news reading behavior by focusing both on the progress of reading interests over time and their relations. Reading interests are considered in three levels: short-, medium-, and long-term. Combinations of these are evaluated in terms of added value to the recommendation's performance and ensured news variety. Experiments with 17-month worth of logs from a German news publisher show that most frequent relations between news reading interests are constant in time but their probabilities change. Recommendations based on combined short-term and long-term interests result in increased accuracy while recommendations based on combined short-term and medium-term interests yield higher news variety.",https://doi.org/10.1145/3109859.3109894,"markov processes, news reading behavior, news reading interests, personalization, recommender system, stationarity analysis",recsys2017.bib
Personalizing Session-based Recommendations with Hierarchical Recurrent Neural Networks,"Quadrana, Massimo and Karatzoglou, Alexandros and Hidasi, Bal\'{a}zs and Cremonesi, Paolo",RECSYS,2017,"Session-based recommendations are highly relevant in many modern on-line services (e.g. e-commerce, video streaming) and recommendation settings. Recently, Recurrent Neural Networks have been shown to perform very well in session-based settings. While in many session-based recommendation domains user identifiers are hard to come by, there are also domains in which user profiles are readily available. We propose a seamless way to personalize RNN models with cross-session information transfer and devise a Hierarchical RNN model that relays end evolves latent hidden states of the RNNs across user sessions. Results on two industry datasets show large improvements over the session-only RNNs.",https://doi.org/10.1145/3109859.3109896,"personalization, recurrent neural networks, session-aware recommendation, session-based recommendation",recsys2017.bib
3D Convolutional Networks for Session-based Recommendation with Content Features,"Tuan, Trinh Xuan and Phuong, Tu Minh",RECSYS,2017,"In many real-life recommendation settings, user profiles and past activities are not available. The recommender system should make predictions based on session data, e.g. session clicks and descriptions of clicked items. Conventional recommendation approaches, which rely on past user-item interaction data, cannot deliver accurate results in these situations. In this paper, we describe a method that combines session clicks and content features such as item descriptions and item categories to generate recommendations. To model these data, which are usually of different types and nature, we use 3-dimensional convolutional neural networks with character-level encoding of all input data. While 3D architectures provide a natural way to capture spatio-temporal patterns, character-level networks allow modeling different data types using their raw textual representation, thus reducing feature engineering effort. We applied the proposed method to predict add-to-cart events in e-commerce websites, which is more difficult then predicting next clicks. On two real datasets, our method outperformed several baselines and a state-of-the-art method based on recurrent neural networks.",https://doi.org/10.1145/3109859.3109900,"convolutional neural networks, recommender systems, session-based recommendation",recsys2017.bib
Modeling User Session and Intent with an Attention-based Encoder-Decoder Architecture,"Loyola, Pablo and Liu, Chen and Hirate, Yu",RECSYS,2017,"We propose an encoder-decoder neural architecture to model user session and intent using browsing and purchasing data from a large e-commerce company.We begin by identifying the source-target transition pairs between items within each session. Then, the set of source items are passed through an encoder, whose learned representation is used by the decoder to estimate the sequence of target items. Therefore, as this process is performed pair-wise, we hypothesize that the model could capture the transition regularities in a more fine grained way. Additionally, our model incorporates an attention mechanism to explicitly learn the more expressive portions of the sequences in order to improve performance. Besides modeling the user sessions, we also extended the original architecture by means of attaching a second decoder that is jointly trained to predict the purchasing intent of user in each session. With this, we want to explore to what extent the model can capture inter session dependencies.We performed an empirical study comparing against several baselines on a large real world dataset, showing that our approach is competitive in both item and intent prediction.",https://doi.org/10.1145/3109859.3109917,"attention mechanisms, recommender systems, recurrent neural networks",recsys2017.bib
Sequential User-based Recurrent Neural Network Recommendations,"Donkers, Tim and Loepp, Benedikt and Ziegler, J\""{u}rgen",RECSYS,2017,"Recurrent Neural Networks are powerful tools for modeling sequences. They are flexibly extensible and can incorporate various kinds of information including temporal order. These properties make them well suited for generating sequential recommendations. In this paper, we extend Recurrent Neural Networks by considering unique characteristics of the Recommender Systems domain. One of these characteristics is the explicit notion of the user recommendations are specifically generated for. We show how individual users can be represented in addition to sequences of consumed items in a new type of Gated Recurrent Unit to effectively produce personalized next item recommendations. Offline experiments on two real-world datasets indicate that our extensions clearly improve objective performance when compared to state-of-the-art recommender algorithms and to a conventional Recurrent Neural Network.",https://doi.org/10.1145/3109859.3109877,"deep learning, neural networks, recommender systems, recurrent neural networks, sequential recommendations",recsys2017.bib
Translation-based Recommendation,"He, Ruining and Kang, Wang-Cheng and McAuley, Julian",RECSYS,2017,"Modeling the complex interactions between users and items as well as amongst items themselves is at the core of designing successful recommender systems. One classical setting is predicting users' personalized sequential behavior (or 'next-item' recommendation), where the challenges mainly lie in modeling 'third-order' interactions between a user, her previously visited item(s), and the next item to consume. Existing methods typically decompose these higher-order interactions into a combination of pairwise relationships, by way of which user preferences (user-item interactions) and sequential patterns (item-item interactions) are captured by separate components. In this paper, we propose a unified method, TransRec, to model such third-order relationships for large-scale sequential prediction. Methodologically, we embed items into a 'transition space' where users are modeled as translation vectors operating on item sequences. Empirically, this approach outperforms the state-of-the-art on a wide spectrum of real-world datasets. Data and code are available at https://sites.google.com/a/eng.ucsd.edu/ruining-he/.",https://doi.org/10.1145/3109859.3109882,"recommender systems, relation, sequential behavior, translation",recsys2017.bib
MPR: Multi-Objective Pairwise Ranking,"Otunba, Rasaq and Rufai, Raimi A. and Lin, Jessica",RECSYS,2017,"The recommendation challenge can be posed as the problem of predicting either item ratings or item rankings. The latter approach has proven more effective. Pairwise learning-to-rank techniques have been relatively successful. Hence, they are popularly used for learning recommender model parameters such as those in collaborative filtering (CF) models. The model parameters are learned by optimizing close smooth approximations of the non-smooth information retrieval (IR) metrics such as Mean Area Under ROC curve (AUC).Targeted campaigns are an alternative to item recommendations for increasing conversion. The user ranking task is referred to as audience retrieval. It is used in targeted campaigns to rank push campaign recipients based on their potential to convert. In this work, we consider the task of efficiently learning a ranking model that provides item recommendations and user rankings simultaneously. We adopt pairwise learning for this task. We refer to our approach as multi-objective pairwise ranking (MPR).We describe our approach and use experiments to evaluate its performance.",https://doi.org/10.1145/3109859.3109903,"audience retrieval, collaborative filtering, recommendations",recsys2017.bib
An Elementary View on Factorization Machines,"Prillo, Sebastian",RECSYS,2017,"Factorization Machines (FMs) are a model class capable of learning pairwise (and in general higher order) feature interactions from high dimensional, sparse data. In this paper we adopt an elementary view on FMs. Specifically, we view FMs as a sum of simple surfaces - a hyperplane plus several squared hyperplanes - in the original feature space. This elementary view, although equivalent to that of low rank matrix factorization, is geometrically more intuitive and points to some interesting generalizations. Led by our intuition, we challenge our understanding of the inductive bias of FMs by showing a simple dataset where FMs counterintuitively fail to learn the weight of the interaction between two features. We discuss the reasons, and mathematically formulate and prove a form of this limitation. Also inspired by our elementary view, we propose modeling intermediate orders of interaction, such as 1.5-way FMs. Beyond the specific proposals, the goal of this paper is to expose our thoughts and ideas to the research community in an effort to take FMs to the next level.",https://doi.org/10.1145/3109859.3109892,"anova kernel, factorization machines, machine learning, recommender systems",recsys2017.bib
Expediting Exploration by Attribute-to-Feature Mapping for Cold-Start Recommendations,"Cohen, Deborah and Aharon, Michal and Koren, Yair and Somekh, Oren and Nissim, Raz",RECSYS,2017,"The item cold-start problem is inherent to collaborative filtering (CF) recommenders where items and users are represented by vectors in a latent space. It emerges since CF recommenders rely solely on historical user interactions to characterize their item inventory. As a result, an effective serving of new and trendy items to users may be delayed until enough user feedback is received, thus, reducing both users' and content suppliers' satisfaction. To mitigate this problem, many commercial recommenders apply random exploration and devote a small portion of their traffic to explore new items and gather interactions from random users. Alternatively, content or context information is combined into the CF recommender, resulting in a hybrid system. Another hybrid approach is to learn a mapping between the item attribute space and the CF latent feature space, and use it to characterize the new items providing initial estimates for their latent vectors.In this paper, we adopt the attribute-to-feature mapping approach to expedite random exploration of new items and present LearnAROMA - an advanced algorithm for learning the mapping, previously proposed in the context of classification. In particular, LearnAROMA learns a Gaussian distribution over the mapping matrix. Numerical evaluation demonstrates that this learning technique achieves more accurate initial estimates than logistic regression methods. We then consider a random exploration setting, in which new items are further explored as user interactions arrive. To leverage the initial latent vector estimates with the incoming interactions, we propose DynamicBPR - an algorithm for updating the new item latent vectors without retraining the CF model. Numerical evaluation reveals that DynamicBPR achieves similar accuracy as a CF model trained on all the ratings, using 71\% less exploring users than conventional random exploration.",https://doi.org/10.1145/3109859.3109880,"collaborative-filtering, item cold-start problem, random exploration, recommendation systems",recsys2017.bib
Additive Co-Clustering with Social Influence for Recommendation,"Du, Xixi and Liu, Huafeng and Jing, Liping",RECSYS,2017,"Recommender system is a popular tool to accurately and actively provide users with potentially interesting information. For capturing the users' preferences and approximating the missing data, matrix completion and approximation are widely adopted. Except for the typical low-rank factorization-based methods, the additive co-clustering approach (ACCAMS) is recently proposed to succinctly approximate large-scale rating matrix. Although ACCAMS efficiently produces effective recommendation result, it still suffers from the cold-start problem. To address this issue, we propose a Social Influence Additive Co-Clustering method (SIACC) by making use of user-item rating data and user-user social relations.The main idea of SIACC is to extract the social influences from the social network, integrate them to additive co-clustering for effectively determining the user clusters and item clusters, minimize the loss error by backfitting the residuals of data approximation in the previous iteration, and finally improve the recommendation performance. In order to take advantage of social influence, we present a graph-regularized weighted-Fuzzy C-Means algorithm (gwFCM) to cluster users. gwFCM has ability to identify user groups from both rating and social information. Specifically, gwFCM makes sure that a pair of users have similar cluster membership if they have direct social relation (denoted as local social influence), and that the user with higher reputation (denoted as global social influence) plays a dominate role in clustering process. The reasonable user clusters obtained by gwFCM can benefit the item clustering, which will leverage the additive co-clustering processing and further improve the recommendation performance. A series of experiments on three real-world datasets have shown that SIACC outperforms the existing popular recommendation methods (PMF and ACCAMS) and social recommendation methods (SoReg, TrustMF, Locabal and SPF), especially on the cold-start users recommendation and running time.",https://doi.org/10.1145/3109859.3109883,"additive co-clustering, cold-start users, recommendation system, social influence",recsys2017.bib
Folding: Why Good Models Sometimes Make Spurious Recommendations,"Xin, Doris and Mayoraz, Nicolas and Pham, Hubert and Lakshmanan, Karthik and Anderson, John R.",RECSYS,2017,"In recommender systems based on low-rank factorization of a partially observed user-item matrix, a common phenomenon that plagues many otherwise effective models is the interleaving of good and spurious recommendations in the top-K results. A single spurious recommendation can dramatically impact the perceived quality of a recommender system. Spurious recommendations do not result in serendipitous discoveries but rather cognitive dissonance. In this work, we investigate folding, a major contributing factor to spurious recommendations. Folding refers to the unintentional overlap of disparate groups of users and items in the low-rank embedding vector space, induced by improper handling of missing data. We formally define a metric that quantifies the severity of folding in a trained system, to assist in diagnosing its potential to make inappropriate recommendations. The folding metric complements existing information retrieval metrics that focus on the number of good recommendations and their ranks but ignore the impact of undesired recommendations. We motivate the folding metric definition on synthetic data and evaluate its effectiveness on both synthetic and real world datasets. In studying the relationship between the folding metric and other characteristics of recommender systems, we observe that optimizing for goodness metrics can lead to high folding and thus more spurious recommendations.",https://doi.org/10.1145/3109859.3109911,"collaborative filtering, evaluation metric, folding, matrix factorization, mnar",recsys2017.bib
Chemical Reactant Recommendation Using a Network of Organic Chemistry,"Savage, John and Kishimoto, Akihiro and Buesser, Beat and Diaz-Aviles, Ernesto and Alzate, Carlos",RECSYS,2017,"This paper focuses on the overall task of recommending to the chemist candidate molecules (reactants) necessary to synthesize a given target molecule (product), which is a novel application as well as an important step for the chemist to find a synthesis route to generate the product. We formulate this task as a link-prediction problem over a so-called Network of Organic Chemistry (NOC) that we have constructed from 8 million chemical reactions described in the US patent literature between 1976 and 2013. We leverage state-of-the-art factorization algorithms for recommender systems to solve this task. Our empirical evaluation demonstrates that Factorization Machines, trained with chemistry-specific knowledge, outperforms current methods based on similarity of chemical structures.",https://doi.org/10.1145/3109859.3109895,"chemistry, link-prediction, reactant recommendation",recsys2017.bib
"Fewer Flops at the Top: Accuracy, Diversity, and Regularization in Two-Class Collaborative Filtering","Paudel, Bibek and Haas, Thilo and Bernstein, Abraham",RECSYS,2017,"In most existing recommender systems, implicit or explicit interactions are treated as positive links and all unknown interactions are treated as negative links. The goal is to suggest new links that will be perceived as positive by users. However, as signed social networks and newer content services become common, it is important to distinguish between positive and negative preferences. Even in existing applications, the cost of a negative recommendation could be high when people are looking for new jobs, friends, or places to live.In this work, we develop novel probabilistic latent factor models to recommend positive links and compare them with existing methods on five different openly available datasets. Our models are able to produce better ranking lists and are effective in the task of ranking positive links at the top, with fewer negative links (flops). Moreover, we find that modeling signed social networks and user preferences this way has the advantage of increasing the diversity of recommendations. We also investigate the effect of regularization on the quality of recommendations, a matter that has not received enough attention in the literature. We find that regularization parameter heavily affects the quality of recommendations in terms of both accuracy and diversity.",https://doi.org/10.1145/3109859.3109916,"collaborative filtering, diverse recommendations, matrix factorization, positive and negative recommendations",recsys2017.bib
Geographical Diversification in POI Recommendation: Toward Improved Coverage on Interested Areas,"Han, Jungkyu and Yamana, Hayato",RECSYS,2017,"In recommending POIs(Point-Of-Interests), factors such as the diversity of the recommended POIs are as important as accuracy for providing a satisfactory recommendation. Although existing diversification methods can help POI recommender systems suggest more diverse POIs, they lack ""geographical diversification,"" which results in the concentration of the supposedly ""diverse"" recommended POIs on ""a small portion"" in areas where the target-user is most active. This is caused by the neglect of POI locations in the diversification, i.e., existing diversification methods try to diversify the categories of recommended items. However, geographical diversification is essential for users whose activity interests comprise many sub-areas and who require a variety of recommended POIs encompassing all their activity interests. In this paper, we propose a novel proportional geographical diversification method that recommends a variety of POIs located in the activity district of a user such that the variety of sub-areas in the district is proportional to the frequency of his/her activity in each sub-area. We compare the performance of the proposed method with existing diversification methods using real datasets. The evaluation result shows that no method except the proposed one can significantly increase geographical diversity at the expense of tolerable accuracy loss.",https://doi.org/10.1145/3109859.3109884,"diversity, geographical diversity, poi recommendation",recsys2017.bib
Understanding How People Use Natural Language to Ask for Recommendations,"Kang, Jie and Condiff, Kyle and Chang, Shuo and Konstan, Joseph A. and Terveen, Loren and Harper, F. Maxwell",RECSYS,2017,"The technical barriers for conversing with recommender systems using natural language are vanishing. Already, there are commercial systems that facilitate interactions with an AI agent. For instance, it is possible to say ""what should I watch"" to an Apple TV remote to get recommendations. In this research, we investigate how users initially interact with a new natural language recommender to deepen our understanding of the range of inputs that these technologies can expect. We deploy a natural language interface to a recommender system, we observe users' first interactions and follow-up queries, and we measure the differences between speaking- and typing-based interfaces. We employ qualitative methods to derive a categorization of users' first queries (objective, subjective, and navigation) and follow-up queries (refine, reformulate, start over). We employ quantitative methods to determine the differences between speech and text, finding that speech inputs are typically longer and more conversational.",https://doi.org/10.1145/3109859.3109873,"critiquing, natural language recommenders, qualitative methods, recommender systems, speech, user study, virtual assistants, voice",recsys2017.bib
Defining and Supporting Narrative-driven Recommendation,"Bogers, Toine and Koolen, Marijn",RECSYS,2017,"Research into recommendation algorithms has made great strides in recent years. However, these algorithms are typically applied in relatively straightforward scenarios: given information about a user's past preferences, what will they like in the future? Recommendation is often more complex: evaluating recommended items never takes place in a vacuum, and it is often a single step in the user's more complex background task. In this paper, we define a specific type of recommendation scenario called narrative-driven recommendation, where the recommendation process is driven by both a log of the user's past transactions as well as a narrative description of their current interest(s). Through an analysis of a set of real-world recommendation narratives from the LibraryThing forums, we demonstrate the uniqueness and richness of this scenario and highlight common patterns and properties of such narratives.",https://doi.org/10.1145/3109859.3109893,"complex recommendation, conversational recommenders, narrative-driven recommendation, query-driven recommendation",recsys2017.bib
Recommending Product Sizes to Customers,"Sembium, Vivek and Rastogi, Rajeev and Saroop, Atul and Merugu, Srujana",RECSYS,2017,"We propose a novel latent factor model for recommending product size fits {Small, Fit, Large} to customers. Latent factors for customers and products in our model correspond to their physical true size, and are learnt from past product purchase and returns data. The outcome for a customer, product pair is predicted based on the difference between customer and product true sizes, and efficient algorithms are proposed for computing customer and product true size values that minimize two loss function variants. In experiments with Amazon shoe datasets, we show that our latent factor models incorporating personas, and leveraging return codes show a 17-21\% AUC improvement compared to baselines. In an online A/B test, our algorithms show an improvement of 0.49\% in percentage of Fit transactions over control.",https://doi.org/10.1145/3109859.3109891,"hinge loss, latent factors, ordinal loss, personalization, recommendation",recsys2017.bib
Practical Lessons from Developing a Large-Scale Recommender System at Zalando,"Freno, Antonino",RECSYS,2017,"Developing a real-world recommender system, i.e. for use in large-scale online retail, poses a number of different challenges. Interestingly, only a small part of these challenges are of algorithmic nature, such as how to select the most accurate model for a given use case. Instead, most technical problems usually arise from operational constraints, such as: adaptation to novel use cases; cost and complexity of system maintenance; capability of reusing pre-existing signal and integrating heterogeneous data sources.In this paper, we describe the system we developed in order to address those constraints at Zalando, which is one of the most popular online fashion retailers in Europe. In particular, we explain how moving from a collaborative filtering approach to a learning-to-rank model helped us to effectively tackle the challenges mentioned above, while improving at the same time the quality of our recommendations. A fairly detailed description of our software architecture is provided, along with an overview of the algorithmic approach. On the other hand, we present some of the offline and online experiments that we ran in order to validate our models.",https://doi.org/10.1145/3109859.3109897,"large-scale learning, learning to rank, recommender system architecture",recsys2017.bib
Exploiting Socio-Economic Models for Lodging Recommendation in the Sharing Economy,"Sanchez-Vazquez, Raul and Silva, Jordan and Santos, Rodrygo L.T.",RECSYS,2017,"Recent years have witnessed the emergence of sharing economy marketplaces, which enable users to share goods and services in a peer-to-peer fashion. A prominent example in the travel industry is Airbnb, which connects guests with hosts, allowing both to exchange cultural experiences in addition to the economic transaction. Nonetheless, Airbnb guest profiles are typically sparse, which limits the applicability of traditional lodging recommendation approaches. Inspired by recent socio-economic analyses of repurchase intent behavior on Airbnb, we propose a context-aware learning-to-rank approach for lodging recommendation, aimed to infer the user's perception of several dimensions involved in choosing which lodging to book. In particular, we devise features aimed to capture the user's price sensitivity as well as their perceived value of a particular lodging, the risk involved in choosing it rather than other available options, the authenticity of the cultural experience it could provide, and its overall perception by other users through word of mouth. Through a comprehensive evaluation using publicly available Airbnb data, we demonstrate the effectiveness of our proposed approach compared to a number of alternative recommendation baselines, including a simulation of Airbnb's own recommender.",https://doi.org/10.1145/3109859.3109910,"consumption behavior, context awareness, learning to rank, lodging recommendation, the sharing economy",recsys2017.bib
Surveying User Reactions to Recommendations Based on Inferences Made by Face Detection Technology,"Marlow, Jennifer and Wiese, Jason",RECSYS,2017,"It is increasingly possible to use cameras and sensors to detect and analyze human appearance for the purposes of personalizing user experiences. Such systems are already deployed in some public places to personalize advertisements and recommend items. However, since these technologies are not yet widespread, we do not have a good sense of users' perceptions of the benefits and drawbacks of public display systems that use face detection as an input for personalized recommendations. We conducted a user study with a system that inferred participants' gender and age from a facial detection and analysis algorithm and used this to present recommendations in two scenarios (finding stores to visit in a mall and finding a pair of sunglasses to buy). This work provides an initial step towards understanding user reactions to a new and emerging form of implicit recommendation based on physical appearance.",https://doi.org/10.1145/3109859.3109875,"face recognition, personalization, public displays",recsys2017.bib
An Insurance Recommendation System Using Bayesian Networks,"Qazi, Maleeha and Fung, Glenn M. and Meissner, Katie J. and Fontes, Eduardo R.",RECSYS,2017,"In this paper we describe a deployed recommender system to predict insurance products for new and existing customers. Our goal is to give our customers personalized recommendations based on what other similar people with similar portfolios have, in order to make sure they were adequately covered for their needs. Our system uses customer characteristics in addition to customer portfolio data. Since the number of possible recommendable products is relatively small, compared to other recommender domains, and missing data is relatively frequent, we chose to use Bayesian Networks for modeling our system. Experimental results show advantages of using probabilistic graphical models over the widely used low-rank matrix factorization model for the insurance domain.",https://doi.org/10.1145/3109859.3109907,"bayesian networks, deployed system, insurance domain, recommender systems, structure learning",recsys2017.bib
Getting Deep Recommenders Fit: Bloom Embeddings for Sparse Binary Input/Output Networks,"Serr\`{a}, Joan and Karatzoglou, Alexandros",RECSYS,2017,"Recommendation algorithms that incorporate techniques from deep learning are becoming increasingly popular. Due to the structure of the data coming from recommendation domains (i.e., one-hot-encoded vectors of item preferences), these algorithms tend to have large input and output dimensionalities that dominate their overall size. This makes them difficult to train, due to the limited memory of graphical processing units, and difficult to deploy on mobile devices with limited hardware. To address these difficulties, we propose Bloom embeddings, a compression technique that can be applied to the input and output of neural network models dealing with sparse high-dimensional binary-coded instances. Bloom embeddings are computationally efficient, and do not seriously compromise the accuracy of the model up to 1/5 compression ratios. In some cases, they even improve over the original accuracy, with relative increases up to 12\%. We evaluate Bloom embeddings on 7 data sets and compare it against 4 alternative methods, obtaining favorable results. We also discuss a number of further advantages of Bloom embeddings, such as 'on-the-fly' constant-time operation, zero or marginal space requirements, training time speedups, or the fact that they do not require any change to the core model architecture or training configuration.",https://doi.org/10.1145/3109859.3109876,"bloom filters, deep recommenders, embeddings, neural network, sparse input/output",recsys2017.bib
TransNets: Learning to Transform for Recommendation,"Catherine, Rose and Cohen, William",RECSYS,2017,"Recently, deep learning methods have been shown to improve the performance of recommender systems over traditional methods, especially when review text is available. For example, a recent model, DeepCoNN, uses neural nets to learn one latent representation for the text of all reviews written by a target user, and a second latent representation for the text of all reviews for a target item, and then combines these latent representations to obtain state-of-the-art performance on recommendation tasks. We show that (unsurprisingly) much of the predictive value of review text comes from reviews of the target user for the target item. We then introduce a way in which this information can be used in recommendation, even when the target user's review for the target item is not available. Our model, called TransNets, extends the DeepCoNN model by introducing an additional latent layer representing the target user-target item pair. We then regularize this layer, at training time, to be similar to another latent representation of the target user's review of the target item. We show that TransNets and extensions of it improve substantially over the previous state-of-the-art.",https://doi.org/10.1145/3109859.3109878,"deep learning, deep non-linear transformative neural nets, recommender systems",recsys2017.bib
Interpretable Convolutional Neural Networks with Dual Local and Global Attention for Review Rating Prediction,"Seo, Sungyong and Huang, Jing and Yang, Hao and Liu, Yan",RECSYS,2017,"Recently, many e-commerce websites have encouraged their users to rate shopping items and write review texts. This review information has been very useful for understanding user preferences and item properties, as well as enhancing the capability to make personalized recommendations of these websites. In this paper, we propose to model user preferences and item properties using convolutional neural networks (CNNs) with dual local and global attention, motivated by the superiority of CNNs to extract complex features. By using aggregated review texts from a user and aggregated review text for an item, our model can learn the unique features (embedding) of each user and each item. These features are then used to predict ratings. We train these user and item networks jointly which enable the interaction between users and items in a similar way as matrix factorization. The local attention provides us insight on a user's preferences or an item's properties. The global attention helps CNNs focus on the semantic meaning of the whole review text. Thus, the combined local and global attentions enable an interpretable and better-learned representation of users and items. We validate the proposed models by testing on popular review datasets in Yelp and Amazon and compare the results with matrix factorization (MF), the hidden factor and topical (HFT) model, and the recently proposed convolutional matrix factorization (ConvMF+). Our proposed CNNs with dual attention model outperforms HFT and ConvMF+ in terms of mean square errors (MSE). In addition, we compare the user/item embeddings learned from these models for classification and recommendation. These results also confirm the superior quality of user/item embeddings learned from our model.",https://doi.org/10.1145/3109859.3109890,"attention model, convolutional neural network, deep learning for recommender systems",recsys2017.bib
When Recurrent Neural Networks meet the Neighborhood for Session-Based Recommendation,"Jannach, Dietmar and Ludewig, Malte",RECSYS,2017,"Deep learning methods have led to substantial progress in various application fields of AI, and in recent years a number of proposals were made to improve recommender systems with artificial neural networks. For the problem of making session-based recommendations, i.e., for recommending the next item in an anonymous session, Hidasi et al.~recently investigated the application of recurrent neural networks with Gated Recurrent Units (GRU4REC). Assessing the true effectiveness of such novel approaches based only on what is reported in the literature is however difficult when no standard evaluation protocols are applied and when the strength of the baselines used in the performance comparison is not clear. In this work we show based on a comprehensive empirical evaluation that a heuristics-based nearest neighbor (kNN) scheme for sessions outperforms GRU4REC in the large majority of the tested configurations and datasets. Neighborhood sampling and efficient in-memory data structures ensure the scalability of the kNN method. The best results in the end were often achieved when we combine the kNN approach with GRU4REC, which shows that RNNs can leverage sequential signals in the data that cannot be detected by the co-occurrence-based kNN method.",https://doi.org/10.1145/3109859.3109872,"deep learning, nearest-neighbors, session-based recommendation",recsys2017.bib
Recommendation of High Quality Representative Reviews in e-commerce,"Paul, Debanjan and Sarkar, Sudeshna and Chelliah, Muthusamy and Kalyan, Chetan and Sinai Nadkarni, Prajit Prashant",RECSYS,2017,"Many users of e-commerce portals commonly use customer reviews for making purchase decisions. But a product may have tens or hundreds of diverse reviews leading to information overload on the customer. The main objective of our work is to develop a recommendation system to recommend a subset of reviews that have high content score and good coverage over different aspects of the product along with their associated sentiments. We address the challenge which arises due to the fact that similar aspects are mentioned in different reviews using different natural language expressions. We use vector representations to identify mentions of similar aspects and map them with aspects mentioned in product features specifications. Review helpfulness score may act as a proxy for the quality of reviews, but new reviews do not have any helpfulness score. We address the cold start problem by using a dynamic convolutional neural network to estimate the quality score from review content. The system is evaluated on datasets from Amazon and Flipkart and is found to be more effective than the competing methods.",https://doi.org/10.1145/3109859.3109901,"content scoring, e-commerce, product aspect, review recommendation",recsys2017.bib
A Semantic-Aware Profile Updating Model for Text Recommendation,"Rahmatizadeh Zagheli, Hossein and Zamani, Hamed and Shakery, Azadeh",RECSYS,2017,"Content-based recommender systems (CBRSs) rely on user-item similarities that are calculated between user profiles and item representations. Appropriate representation of each user profile based on the user's past preferences can have a great impact on user's satisfaction in CBRSs. In this paper, we focus on text recommendation and propose a novel profile updating model based on previously recommended items as well as semantic similarity of terms calculated using distributed representation of words. We evaluate our model using two standard text recommendation datasets: TREC-9 Filtering Track and CLEF 2008-09 INFILE Track collections. Our experiments investigate the importance of both past recommended items and semantic similarities in recommendation performance. The proposed profile updating method significantly outperforms the baselines, which confirms the importance of incorporating semantic similarities in the profile updating task.",https://doi.org/10.1145/3109859.3109904,"adaptive filtering, content-based recommender systems, semantic similarity, text recommendation, word embedding",recsys2017.bib
A Multi-criteria Recommender System Exploiting Aspect-based Sentiment Analysis of Users' Reviews,"Musto, Cataldo and de Gemmis, Marco and Semeraro, Giovanni and Lops, Pasquale",RECSYS,2017,"In this paper we propose a multi-criteria recommender system based on collaborative filtering (CF) techniques, which exploits the information conveyed by users' reviews to provide a multi-faceted representation of users' interests.To this end, we exploited a framework for opinion mining and sentiment analysis, which automatically extracts relevant aspects and sentiment scores from users' reviews. As an example, in a restaurant recommendation scenario, the aspects may regard food quality, service, position, athmosphere of the place and so on. Such a multi-faceted representation of the user is used to feed a multi-criteria CF algorithm which predicts user interest in a particular item and provides her with recommendations.In the experimental session we evaluated the performance of the algorithm against several state-of-the-art baselines; Results confirmed the insight behind this work, since our approach was able to overcome both single-criteria recommendation algorithms as well as more sophisticated techniques based on matrix factorization.",https://doi.org/10.1145/3109859.3109905,"opinion mining, recommender systems, sentiment analysis",recsys2017.bib
Exploring the Semantic Gap for Movie Recommendations,"Elahi, Mehdi and Deldjoo, Yashar and Bakhshandegan Moghaddam, Farshad and Cella, Leonardo and Cereda, Stefano and Cremonesi, Paolo",RECSYS,2017,"In the last years, there has been much attention given to the semantic gap problem in multimedia retrieval systems. Much effort has been devoted to bridge this gap by building tools for the extraction of high-level, semantics-based features from multimedia content, as low-level features are not considered useful because they deal primarily with representing the perceived content rather than the semantics of it.In this paper, we explore a different point of view by leveraging the gap between low-level and high-level features. We experiment with a recent approach for movie recommendation that extract low-level Mise-en-Sc\'{e}ne features from multimedia content and combine it with high-level features provided by the wisdom of the crowd.To this end, we first performed an offline performance assessment by implementing a pure content-based recommender system with three different versions of the same algorithm, respectively based on (i) conventional movie attributes, (ii) mise-en-scene features, and (iii) a hybrid method that interleaves recommendations based on movie attributes and mise-en-scene features. In a second study, we designed an empirical study involving 100 subjects and collected data regarding the quality perceived by the users. Results from both studies show that the introduction of mise-en-sc\'{e}ne features in conjunction with traditional movie attributes improves both offline and online quality of recommendations.",https://doi.org/10.1145/3109859.3109908,"content-based video recommendation, low-level visual features, mise-en-scene, offline simulation, online user study, semantic gap",recsys2017.bib
Dynamic Scholarly Collaborator Recommendation via Competitive Multi-Agent Reinforcement Learning,"Zhang, Yang and Zhang, Chenwei and Liu, Xiaozhong",RECSYS,2017,"In an interdisciplinary environment, scientific collaboration is becoming increasingly important. Helping scholars make a right choice of potential collaborators is essential in achieving scientific success. Intuitively, the generation of collaboration relationship is a dynamic process. For instance, one scholar may first choose to work with Scholar A, and then work with Scholar B after accumulating additional academic credits. To address this property, we propose a novel dynamic collaboration recommendation method by adapting the multi-agent reinforcement learning technique to the coauthor network analysis. The collaborator selection is optimized from several different scholar similarity measurements. Unlike prior studies, the proposed method characterizes scholarly competition, a.k.a. different scholars will compete for potential collaborator at each iteration. An evaluation with the ACM data shows that multi-agent reinforcement learning plus scholarly competition modeling can be significant for collaboration recommendation.",https://doi.org/10.1145/3109859.3109914,"collaborator recommendation, competition, dynamic, multi-agent, reinforcement learning",recsys2017.bib
